-- Dữ liệu bảng LOẠI THỰC ĐƠN
INSERT INTO LOAITD
VALUES('CF', N'Cà Phê')
INSERT INTO LOAITD
VALUES('CT', N'Trà')
INSERT INTO LOAITD
VALUES('CS', N'Cake')
INSERT INTO LOAITD
VALUES('CLT', N'CloundTea')
INSERT INTO LOAITD
VALUES('CLF', N'CloundFee')
INSERT INTO LOAITD
VALUES('TCH', N'Chocolate')
GO

-- Tạo dữ liệu cho bảng THỰC ĐƠN
INSERT INTO THUCDON
VALUES('CF001', N'TCH Sữa', 35000, 'CF')
INSERT INTO THUCDON
VALUES('CF002', N'Bạc Sỉu', 29000, 'CF')
INSERT INTO THUCDON
VALUES('CF003', 'Americano', 39000, 'CF')
INSERT INTO THUCDON
VALUES('CF004', N'Cà Phê Đen', 29000, 'CF')
INSERT INTO THUCDON
VALUES('CF005', 'Caramel Macchiato', 49000, 'CF')
INSERT INTO THUCDON
VALUES('CF006', 'Latte', 49000, 'CF')
INSERT INTO THUCDON
VALUES('CF007', 'Cappuccino', 49000, 'CF')
INSERT INTO THUCDON
VALUES('CF008', 'Espresso', 45000, 'CF')
INSERT INTO THUCDON
VALUES('CLF001', N'CLF Hạnh Nhân Nướng', 49000, 'CLF')
INSERT INTO THUCDON
VALUES('CLF002', 'CLF Caramel', 49000, 'CLF')
INSERT INTO THUCDON
VALUES('CLF003', 'CLF Classic', 49000, 'CLF')
INSERT INTO THUCDON
VALUES('CLF004', 'CLF Pandan Coconut', 49000, 'CLF')
INSERT INTO THUCDON
VALUES('CLT001', 'CLT Very Berry Mochi', 69000, 'CLT')
INSERT INTO THUCDON
VALUES('CLT002', N'CLT Oolong Nướng Kem Cheese', 55000, 'CLT')
INSERT INTO THUCDON
VALUES('CLT003', N'CLT Hồng Trà Arabica', 55000, 'CLT')
INSERT INTO THUCDON
VALUES('CLT004', N'CloudTea Oolong Nướng Kem Dừa', 55000, 'CLT')
INSERT INTO THUCDON
VALUES('CLT005', N'CloudTea Smore Choco Marshmallow', 69000, 'CLT')
INSERT INTO THUCDON
VALUES('CS001', N'Chà Bông Phô Mai', 35000, 'CS')
INSERT INTO THUCDON
VALUES('CS002', N'Bánh Mì Gậy Cá Ngừ Mayo', 25000, 'CS')
INSERT INTO THUCDON
VALUES('CS003', N'Bánh Mì Que Pate', 15000, 'CS')
INSERT INTO THUCDON
VALUES('CS004', N'Croissant trứng muối', 35000, 'CS')
INSERT INTO THUCDON
VALUES('CT001', N'Trà Long Nhãn Hạt Sen', 49000, 'CT')
INSERT INTO THUCDON
VALUES('CT002', N'Trà Đào Cam Sả', 55000, 'CT')
INSERT INTO THUCDON
VALUES('CT003', N'Trà Hạt Sen', 49000, 'CT')
INSERT INTO THUCDON
VALUES('CT004', N'Trà Long Nhãn Hạt Chia', 49000, 'CT')
INSERT INTO THUCDON
VALUES('CT005', N'Trà Sữa Sô Cô La', 55000, 'CT')
INSERT INTO THUCDON
VALUES('CT006', N'Trà Sữa Dừa', 55000, 'CT')
INSERT INTO THUCDON
VALUES('CT007', N'Trà Đen Macchiato', 55000, 'CT')
INSERT INTO THUCDON
VALUES('CT008', N'Hồng Trà Sữa Trân Châu', 55000, 'CT')
INSERT INTO THUCDON
VALUES('TCH001', N'Chocolate', 55000, 'TCH')
INSERT INTO THUCDON
VALUES('TCH002', N'Hi-Tea Phúc Bồn Tử Mandarin', 49000, 'TCH')
INSERT INTO THUCDON
VALUES('TCH003', N'Hi-Tea Yuzu Trân Châu', 49000, 'TCH')
INSERT INTO THUCDON
VALUES('TCH004', N'Hi-Tea Dâu Tây Mận Muối Aloe Vera', 49000, 'TCH')
GO

-- Tạo dữ liệu cho bảng CHI NHÁNH
INSERT INTO CHINHANH
VALUES('TGT', N'The Grace Tower', N'71 Hoàng Văn Thái, Tân Phú, Quận 7, Thành phố Hồ Chí Minh')
INSERT INTO CHINHANH
VALUES('LG', N'Lữ Gia', N'64A Lữ Gia, Phường 15, Quận 11, Hồ Chí Minh')
INSERT INTO CHINHANH
VALUES('VCP', N'Vinhomes Central Park',  N'Số 02 Tòa Park 5 Vinhomes Central Park Bình Thạnh, Hồ Chí Minh')

-- Tạo dữ liệu bảng CA LÀM VIỆC
INSERT INTO CALAMVIEC
VALUES('MS', 'MS', '06:30:00', '12:30:00', 140000)
INSERT INTO CALAMVIEC
VALUES('MC', 'MC', '11:30:00', '17:30:00', 120000)
INSERT INTO CALAMVIEC
VALUES('MT', 'MT', '17:00:00', '23:00:00', 130000)
GO

-- Tạo dữ liệu bảng NGUYÊN LIỆU
INSERT INTO NGUYENLIEU
VALUES('NL001', N'Hạt ARABICA', N'Gói')
INSERT INTO NGUYENLIEU
VALUES('NL002', N'Đường', N'Bì')
INSERT INTO NGUYENLIEU
VALUES('NL003', N'Sữa Đặc', N'Hộp')
INSERT INTO NGUYENLIEU
VALUES('NL004', N'Sữa tươi không đường', N'Hộp')
INSERT INTO NGUYENLIEU
VALUES('NL005', N'Bột cacao', N'Hộp')
INSERT INTO NGUYENLIEU
VALUES('NL006', N'Bột socola', N'Hộp')
INSERT INTO NGUYENLIEU
VALUES('NL007', N'Bột Onemix', N'Hộp')
INSERT INTO NGUYENLIEU
VALUES('NL008', N'Bột cacao', N'Gói')
INSERT INTO NGUYENLIEU
VALUES('NL009', N'Gói trà', N'Thùng')
INSERT INTO NGUYENLIEU
VALUES('NL010', N'Chai Siro hương hoa quả', N'Thùng')
GO

-- Tạo dữ liệu cho bảng TỒN KHO
INSERT INTO TONKHO
VALUES(50, 'NL001')
INSERT INTO TONKHO
VALUES(8, 'NL002')
INSERT INTO TONKHO
VALUES(40, 'NL003')
INSERT INTO TONKHO
VALUES(30, 'NL004')
INSERT INTO TONKHO
VALUES(10, 'NL005')
INSERT INTO TONKHO
VALUES(15, 'NL006')
INSERT INTO TONKHO
VALUES(20, 'NL007')
INSERT INTO TONKHO
VALUES(50, 'NL009')
INSERT INTO TONKHO
VALUES(25, 'NL010')
GO

-- Tạo dữ liệu NHÀ CUNG CẤP
INSERT INTO NHACUNGCAP
VALUES('NCC001', N'90S Coffee')
INSERT INTO NHACUNGCAP
VALUES('NCC002', N'Đường QFV - Công Ty TNHH QFV')
INSERT INTO NHACUNGCAP
VALUES('NCC003', N'Công Ty TNHH TM & DV Pinocchio')
INSERT INTO NHACUNGCAP
VALUES('NCC004', N'Figo Company')
INSERT INTO NHACUNGCAP
VALUES('NCC005', N'Tam Long Group')
GO

-- Tạo dữ liệu cho bảng ĐỊA CHỈ NCC
INSERT INTO DIACHINCC
VALUES('NCC001',N'20 Đường số 3, P. Trường Thọ, TP. Thủ Đức, Hồ Chí Minh')
INSERT INTO DIACHINCC
VALUES('NCC002',N'467-8-6 Đường Tân Sơn, P. 12, Q. Gò Vấp, Tp. Hồ Chí Minh')
INSERT INTO DIACHINCC
VALUES('NCC003',N'30 Bế Văn Đàn, Phường 14, Quận Tân Bình, Tp. Hồ Chí Minh')
INSERT INTO DIACHINCC
VALUES('NCC004',N'66-35 An Phú Đông 9 Phường An Phú Đông Quận 12')
INSERT INTO DIACHINCC
VALUES('NCC005',N'150-7-6 Đ. Nguyễn Trãi, Phường Phạm Ngũ Lão, Quận 1, Thành phố Hồ Chí Minh')

-- Tạo dữ liệu cho bảng ĐIỆN THOẠI NCC
INSERT INTO DIENTHOAINCC
VALUES('NCC001','0909742626')
INSERT INTO DIENTHOAINCC
VALUES('NCC002','0938666200')
INSERT INTO DIENTHOAINCC
VALUES('NCC003','0908528233')
INSERT INTO DIENTHOAINCC
VALUES('NCC004','0332277326')
INSERT INTO DIENTHOAINCC
VALUES('NCC005','02873036878')

-- Tạo dữ liệu cho bảng EMAIL NCC
INSERT INTO EMAILNCC
VALUES('NCC001','vietucjsc@gmail.com')
INSERT INTO EMAILNCC
VALUES('NCC002','nguyenlieulegia@gmail.com')
INSERT INTO EMAILNCC
VALUES('NCC003','cungcapnguyenlieu@gmail.com')
INSERT INTO EMAILNCC
VALUES('NCC004','admin@cogaihalan.com.vn')
INSERT INTO EMAILNCC
VALUES('NCC005','pkd@infoodco.com.vn')
GO

-- Tạo dữ liệu bảng PHIẾU NHẬP
INSERT INTO PHIEUNHAP
VALUES('32F01', '2022-10-10', 'NCC001')
INSERT INTO PHIEUNHAP
VALUES('32F02', '2022-10-15', 'NCC004')
INSERT INTO PHIEUNHAP
VALUES('32F03', '2022-10-17', 'NCC002')
INSERT INTO PHIEUNHAP
VALUES('32F04', '2022-10-19', 'NCC001')
INSERT INTO PHIEUNHAP
VALUES('32F05', '2022-11-10', 'NCC003')
INSERT INTO PHIEUNHAP
VALUES('32F06', '2022-11-13', 'NCC005')
INSERT INTO PHIEUNHAP
VALUES('32F07', '2022-12-10', 'NCC003')
INSERT INTO PHIEUNHAP
VALUES('32F08', '2022-10-10', 'NCC001')
GO

--Tạo dữ liệu bảng CT PHIẾU NHẬP
INSERT INTO CHITIETPN
VALUES(5, 4500000, 'NL001', '32F01')
INSERT INTO CHITIETPN
VALUES(10, 3000000, 'NL005', '32F02')
INSERT INTO CHITIETPN
VALUES(5, 1000000, 'NL002', '32F03')
INSERT INTO CHITIETPN
VALUES(3, 2700000, 'NL001', '32F04')
INSERT INTO CHITIETPN
VALUES(5, 3500000, 'NL003', '32F05')
INSERT INTO CHITIETPN
VALUES(5, 1500000, 'NL010', '32F06')
INSERT INTO CHITIETPN
VALUES(5, 4000000, 'NL004', '32F07')
INSERT INTO CHITIETPN
VALUES(4, 3600000, 'NL001', '32F08')
GO

-- Tạo dữ liệu bảng KHÁCH HÀNG
INSERT INTO KHACHHANG
VALUES('KH01', 'Linh', NULL, NULL)
INSERT INTO KHACHHANG
VALUES('KH02', 'Hai', 'Nam', NULL)
INSERT INTO KHACHHANG
VALUES('KH03', 'Hieu', NULL, NULL)
INSERT INTO KHACHHANG
VALUES('KH04', 'Trang', NULL, NULL)
INSERT INTO KHACHHANG
VALUES('KH05', 'Bao', N'Nữ', NULL)
INSERT INTO KHACHHANG
VALUES('KH06', 'Khoa', NULL, NULL)
INSERT INTO KHACHHANG
VALUES('KH07', 'Hieu', 'Nam', '0975256')
INSERT INTO KHACHHANG
VALUES('KH08', 'Ha', N'Nữ', '0357357')
INSERT INTO KHACHHANG
VALUES('KH09', 'Binh', NULL, NULL)
INSERT INTO KHACHHANG
VALUES('KH10', 'Lieu', N'Nữ', '123456')
GO


-- Tạo dữ liệu bảng XUẤT NGUYÊN LIỆU
INSERT INTO XUAT_NL
VALUES(10, '2022-8-10', 'NL001')
INSERT INTO XUAT_NL
VALUES(5, '2022-9-11', 'NL002')
INSERT INTO XUAT_NL
VALUES(13, '2022-9-10', 'NL003')
INSERT INTO XUAT_NL
VALUES(5, '2022-9-15', 'NL004')
INSERT INTO XUAT_NL
VALUES(9, '2022-9-20', 'NL005')
INSERT INTO XUAT_NL
VALUES(8, '2022-10-10', 'NL006')
INSERT INTO XUAT_NL
VALUES(7, '2022-10-1', 'NL010')
INSERT INTO XUAT_NL
VALUES(18, '2022-11-10', 'NL009')
GO

-- Tạo dữ liệu bảng HÓA ĐƠN
INSERT INTO HOADON
VALUES('TFT301', '2022-10-10 7:12:00', 'KH04')
INSERT INTO HOADON
VALUES('TFT302', '2022-10-10 8:23:00', 'KH03')
INSERT INTO HOADON
VALUES('TFT303', '2022-10-10 8:30:00', 'KH01')
INSERT INTO HOADON
VALUES('TFT304', '2022-10-10 9:12:00', 'KH05')
INSERT INTO HOADON
VALUES('TFT305', '2022-10-10 9:42:00', 'KH02')
INSERT INTO HOADON
VALUES('TFT306', '2022-10-10 12:07:00', 'KH06')
INSERT INTO HOADON
VALUES('TFT307', '2022-10-10 13:17:00', 'KH08')
INSERT INTO HOADON
VALUES('TFT308', '2022-10-10 14:07:00', 'KH07')
INSERT INTO HOADON
VALUES('TFT309', '2022-10-10 14:09:00', 'KH09')
INSERT INTO HOADON
VALUES('TFT310', '2022-10-10 14:20:00', 'KH10')
GO

-- Tạo dữ liệu bảng THỰC ĐƠN có trong HÓA ĐƠN
INSERT INTO HOADON_THUCDON
VALUES('TFT301', 'CF002')
INSERT INTO HOADON_THUCDON
VALUES('TFT301', 'CF006')
INSERT INTO HOADON_THUCDON
VALUES('TFT301', 'CS002')
INSERT INTO HOADON_THUCDON
VALUES('TFT302', 'CF001')
INSERT INTO HOADON_THUCDON
VALUES('TFT302', 'CT004')
INSERT INTO HOADON_THUCDON
VALUES('TFT303', 'TCH003')
INSERT INTO HOADON_THUCDON
VALUES('TFT304', 'CLT002')
INSERT INTO HOADON_THUCDON
VALUES('TFT304', 'CLF001')
INSERT INTO HOADON_THUCDON
VALUES('TFT304', 'CLF002')
INSERT INTO HOADON_THUCDON
VALUES('TFT305', 'CF006')
INSERT INTO HOADON_THUCDON
VALUES('TFT306', 'CF001')
INSERT INTO HOADON_THUCDON
VALUES('TFT307', 'CF003')
INSERT INTO HOADON_THUCDON
VALUES('TFT307', 'CT001')
INSERT INTO HOADON_THUCDON
VALUES('TFT308', 'CT003')
INSERT INTO HOADON_THUCDON
VALUES('TFT309', 'CS001')
INSERT INTO HOADON_THUCDON
VALUES('TFT310', 'CF001')
INSERT INTO HOADON_THUCDON
VALUES('TFT310', 'CLT001')
GO

-- Tạo dữ liệu bảng KHU VỰC
INSERT INTO KHUVUC
VALUES('KV101', N'Tầng trệt', 'TGT')
INSERT INTO KHUVUC
VALUES('KV102', N'Lầu 2', 'TGT')
INSERT INTO KHUVUC
VALUES('KV201', N'First FLoor', 'VCP')
INSERT INTO KHUVUC
VALUES('KV202', N'Rooftop', 'VCP')
INSERT INTO KHUVUC
VALUES('KV301', N'Garden', 'LG')
GO

-- Tạo dữ liệu bảng BÀN
INSERT INTO BAN
VALUES('T01', 'Online', 'KV101')
INSERT INTO BAN
VALUES('T02', '02', 'KV101')
INSERT INTO BAN
VALUES('T05', '05', 'KV102')
INSERT INTO BAN
VALUES('T07', '07', 'KV102')
INSERT INTO BAN
VALUES('T09', '09', 'KV102')
INSERT INTO BAN
VALUES('V01', 'Online', 'KV201')
INSERT INTO BAN
VALUES('V05', '05', 'KV202')
INSERT INTO BAN
VALUES('V09', '09', 'KV202')
INSERT INTO BAN
VALUES('V21', '21', 'KV202')
INSERT INTO BAN
VALUES('S02', 'Online', 'KV301')
INSERT INTO BAN
VALUES('S04', '04', 'KV301')
INSERT INTO BAN
VALUES('S06', '06', 'KV301')
GO


--Tạo dữ liệu bảng NHÂN VIÊN
Insert into NHANVIEN
Values ('QL100', N'Đặng Văn', N'Lâm', N'Nam', N'Quản lý', 10000000, '2021-1-25', '0987654321', NULL, N'TGT', 'MS')
Insert into NHANVIEN
Values ('QL200', N'Trần Nguyên', N'Mạnh', N'Nam', N'Quản lý', 10000000, '2021-3-10', '0987687612', NULL, 'VCP', 'MS')
Insert into NHANVIEN
Values ('QL300', N'Nguyễn Văn', N'Toản', N'Nam', N'Quản lý', 10000000, '2021-3-19', '0943215678', NULL, 'LG', 'MS')
 
Insert into NHANVIEN
Values ('PC110', N'Nguyễn Văn', N'Hoàng', N'Nam', N'Pha Chế', 7200000, '2021-7-25', '0945362718', NULL, N'TGT', 'MS')
Insert into NHANVIEN
Values ('PC120', N'Nguyễn Thanh', N'Bình', N'Nam', N'Pha Chế', 6600000, '2021-1-20', '0912345678', NULL, N'TGT', 'MC')
Insert into NHANVIEN
Values ('PC130', N'Bùi Tiến', N'Dũng', N'Nam', N'Pha Chế', 6900000, '2021-5-19', '0912344321', ' ', N'TGT', 'MT')
Insert into NHANVIEN
Values ('PC210', N'Bùi Hoàng Việt', N'Anh', N'Nam', N'Pha Chế', 7200000, '2021-1-20', '0912312312', ' ', 'VCP', 'MS')
Insert into NHANVIEN
Values ('PC220', N'Nguyễn Thành', N'Chung', N'Nam', N'Pha Chế', 6600000, '2021-4-15', '0932132131', ' ', 'VCP', 'MC')
Insert into NHANVIEN
Values ('PC230', N'Đỗ Duy', N'Mạnh', N'Nam', N'Pha Chế', 6900000, '2021-3-30', '0967854321', ' ', 'VCP', 'MT')
Insert into NHANVIEN
Values ('PC310', N'Đoàn Văn', N'Hậu', N'Nam', N'Pha Chế', 7200000, '2021-2-21', '0923156478', ' ', 'LG', 'MS')
Insert into NHANVIEN
Values ('PC320', N'Quế Ngọc', N'Hải', N'Nam', N'Pha Chế', 6600000, '2021-11-12', '0945645645', ' ', 'LG', 'MC')
Insert into NHANVIEN
Values ('PC330', N'Hồ Tấn', N'Tài', N'Nam', N'Pha Chế', 6900000, '2021-3-31', '0945677654', ' ', 'LG', 'MT')
Insert into NHANVIEN
Values ('NV111', N'Nguyễn Thanh', N'Nhân', N'Nam', N'Phục Vụ', 4200000, '2021-7-17', '0919283736', ' ', N'TGT', 'MS')
Insert into NHANVIEN
Values ('NV112', N'Vũ Văn', N'Thanh', N'Nam', N'Phục Vụ', 4200000, '2021-1-24', '0981726354', ' ', N'TGT', 'MS')
Insert into NHANVIEN
Values ('NV113', N'PhạM Hải', N'Yến', N'Nữ', N'Phục Vụ', 4200000, '2021-5-15', '0357924680', ' ', N'TGT', 'MS')
Insert into NHANVIEN
Values ('NV121', 'Lương Duy', N'Cương', N'Nam', N'Phục Vụ', 3600000, '2021-7-3', '0987651234', ' ', N'TGT', 'MC')
Insert into NHANVIEN
Values ('NV122', 'Chương Thị', N'Kiều', N'Nữ', N'Phục Vụ', 3600000, '2021-12-30', '0321456712', ' ', N'TGT', 'MC')
Insert into NHANVIEN
Values ('NV123', N'Nguyễn Hoàng', N'Đức', N'Nam', N'Phục Vụ', 3600000, '2021-10-10', '0921436587', ' ', N'TGT', 'MC')
Insert into NHANVIEN
Values ('NV131', N'Châu Ngọc', N'Quang', N'Nam', N'Phục Vụ', 390000, '2021-5-10', '0923156400', ' ', N'TGT', 'MT')
Insert into NHANVIEN
Values ('NV132', N'Nguyễn Hải', N'Huy', N'Nam', N'Phục Vụ', 3900000, '2021-7-21', '0910203040', ' ', N'TGT', 'MT')
Insert into NHANVIEN
Values ('NV133', N'Đỗ Hùng', N'Dũng', N'Nam', N'Phục Vụ', 3900000, '2021-6-19', '0912131415', ' ', N'TGT', 'MT')
Insert into NHANVIEN
Values ('NV211', N'Nguyễn Phong Hồng', N'Duy', N'Nam', N'Phục Vụ', 4200000, '2021-6-1', '0912435687', ' ', 'VCP', 'MS')
Insert into NHANVIEN
Values ('NV212', N'Khuất Văn', N'Khang', N'Nam', N'Phục Vụ', 4200000, '2021-1-9', '0900100100', ' ', 'VCP', 'MS')
Insert into NHANVIEN
Values ('NV213', N'Huỳnh', N'Như', N'Nữ', N'Phục Vụ', 4200000, '2021-1-7', '0312312389', ' ', 'VCP', 'MS')
Insert into NHANVIEN
Values ('NV221', N'Nguyễn Thị Bính', N'Thùy', N'Nữ', N'Phục Vụ', 3600000, '2021-8-29', '0334567890', ' ', 'VCP', 'MC')
Insert into NHANVIEN
Values ('NV222', N'Phan Văn', N'Đức', N'Nam', N'Phục Vụ', 3600000, '2021-8-23', '0913579135', ' ', 'VCP', 'MC')
Insert into NHANVIEN
Values ('NV223', N'Nguyễn Trong', N'Hoàng', N'Nam', N'Phục Vụ', 3600000, '2021-3-16', '0912345678', ' ', 'VCP', 'MC')
Insert into NHANVIEN
Values ('NV231', N'Trần Thị Phương', N'Thảo', N'Nữ', N'Phục Vụ', 3900000, '2021-4-16', '0321098765', ' ', 'VCP', 'MT')
Insert into NHANVIEN
Values ('NV232', N'Nguyễn Tuấn', N'Anh', N'Nam', N'Phục Vụ', 3900000, '2021-10-25', '0911223344', ' ', 'VCP', 'MT')
Insert into NHANVIEN
Values ('NV233', N'Nguyễn Quang', N'Hải', N'Nam', N'Phục Vụ', 3900000, '2021-11-23', '0911122219', ' ', 'VCP', 'MT')
Insert into NHANVIEN
Values ('NV311', N'Trần Thị', N'Thu', N'Nữ', N'Phục Vụ', 4200000, '2021-2-18', '0345678912', ' ', 'LG', 'MS')
Insert into NHANVIEN
Values ('NV312', N'Nguyễn Văn', N'Quyết', N'Nam', N'Phục Vụ', 4200000, '2021-8-14', '0912345678', ' ', 'LG', 'MS')
Insert into NHANVIEN
Values ('NV313', N'PhạM Tuấn', N'Hải', N'Nam', N'Phục Vụ', 4200000, '2021-11-21', '0912332100', ' ', 'LG', 'MS')
Insert into NHANVIEN
Values ('NV321', N'Hà Đức', N'Chinh', N'Nam', N'Phục Vụ', 3600000, '2021-1-27', '0912211221', ' ', 'LG', 'MC')
Insert into NHANVIEN
Values ('NV322', N'Trần Thị Thùy', N'Trang', N'Nữ', N'Phục Vụ', 3600000, '2021-8-1', '0319912882', ' ', 'LG', 'MC')
Insert into NHANVIEN
Values ('NV323', N'Nguyễn Văn', N'Toàn', N'Nam', N'Phục Vụ', 3600000, '2021-2-25', '0956562323', ' ', 'LG', 'MC')
Insert into NHANVIEN
Values ('NV331', N'PhạM Đình', N'Duy', N'Nam', N'Phục Vụ', 3900000, '2021-7-30', '0924682468', ' ', 'LG', 'MT')
Insert into NHANVIEN
Values ('NV332', N'Nguyễn Tiến', N'Linh', N'Nam', N'Phục Vụ', 3900000, '2021-2-1', '0924681357', ' ', 'LG', 'MT')
Insert into NHANVIEN
Values ('NV333', N'Trần Thị Thu', N'Thảo', N'Nữ', N'Phục Vụ', 3900000, '2021-11-22', '0397531246', ' ', 'LG', 'MT')
 
 
Insert into NHANVIEN
Values ('TN110', N'Trần Thị Thu', N'Xuân', N'Nữ', N'Thu Ngân', 4200000, '2021-8-13', '0312345678', ' ', N'TGT', 'MS')
Insert into NHANVIEN
Values ('TN120', N'Lương Thị Thu', N'Thương', N'Nữ', N'Thu Ngân', 3600000, '2021-10-16', '0312456789', ' ', N'TGT', 'MC')
Insert into NHANVIEN
Values ('TN130', N'Phạm Hoàng', N'Quỳnh', N'Nữ', N'Thu Ngân', 3900000, '2021-9-17', '03112212234', ' ', N'TGT', 'MT')
Insert into NHANVIEN
Values ('TN210', N'Lê Thị Diễm', N'My', N'Nữ', N'Thu Ngân', 4200000, '2021-4-23', '0343215678', ' ', 'VCP', 'MS')
Insert into NHANVIEN
Values ('TN220', N'Dương Thị', N'Vân', N'Nữ', N'Thu Ngân', 3600000, '2021-9-23', '0312345678', ' ', 'VCP', 'MC')
Insert into NHANVIEN
Values ('TN230', N'Nguyễn Thị', N'Van', N'Nữ', N'Thu Ngân', 3900000, '2021-10-24', '0378563412', ' ', 'VCP', 'MT')
Insert into NHANVIEN
Values ('TN310', N'Trần Thị Hải', N'Linh', N'Nữ', N'Thu Ngân', 4200000, '2021-12-21', '0398127634', ' ', 'LG', 'MS')
Insert into NHANVIEN
Values ('TN320', N'Nguyễn Thị Thanh', N'Nhã', N'Nữ', N'Thu Ngân', 3600000, '2021-8-17', '0345123456', ' ', 'LG', 'MC')
Insert into NHANVIEN
Values ('TN330', N'Ngân Thị Vạn', N'Sự', N'Nữ', N'Thu Ngân', 3900000, '2021-4-17', '0313524600', ' ', 'LG', 'MT')
GO


--Tạo dữ liệu bảng TAIKHOAN
Insert into TAIKHOAN
Values ('Q001', '0987654321','QL100')
Insert into TAIKHOAN
Values ('Q002', '0987687612','QL200')
Insert into TAIKHOAN
Values ('Q003', '0943215678','QL100')
Insert into TAIKHOAN
Values ('P001', '0945362718','PC110')
Insert into TAIKHOAN
Values ('P002', '0912345678','PC120')
Insert into TAIKHOAN
Values ('P003', '0912344321','PC130')
Insert into TAIKHOAN
Values ('P004', '0912312312','PC210')
Insert into TAIKHOAN
Values ('P005', '0932132131','PC220')
Insert into TAIKHOAN
Values ('P006', '0967854321','PC230')
Insert into TAIKHOAN
Values ('P007', '0923156478','PC310')
Insert into TAIKHOAN
Values ('P008', '0945645645','PC320')
Insert into TAIKHOAN
Values ('P009', '0945677654','PC330')
Insert into TAIKHOAN
Values ('N001', '0919283736','NV111')
Insert into TAIKHOAN
Values ('N002', '0981726354','NV112')
Insert into TAIKHOAN
Values ('N003', '0357924680','NV113')
Insert into TAIKHOAN
Values ('N004', '0987651234','NV121')
Insert into TAIKHOAN
Values ('N005', '032145712','NV122')
Insert into TAIKHOAN
Values ('N006', '0921436587','NV123')
Insert into TAIKHOAN
Values ('N007', '0923156400','NV131')
Insert into TAIKHOAN
Values ('N008', '0910203040','NV132')
Insert into TAIKHOAN
Values ('N009', '0912131415','NV133')
Insert into TAIKHOAN
Values ('N010', '0912435687','NV211')
Insert into TAIKHOAN
Values ('N011', '0900100100','NV212')
Insert into TAIKHOAN
Values ('N012', '0312312389','NV213')
Insert into TAIKHOAN
Values ('N013', '0334567890','NV221')
Insert into TAIKHOAN
Values ('N014', '0913579135','NV222')
Insert into TAIKHOAN
Values ('N015', '0912435678','NV223')
Insert into TAIKHOAN
Values ('N016', '0321098765','NV231')
Insert into TAIKHOAN
Values ('N017', '0911223344','NV232')
Insert into TAIKHOAN
Values ('N018', '0911122219','NV233')
Insert into TAIKHOAN
Values ('N019', '0345678912','NV311')
Insert into TAIKHOAN
Values ('N020', '0912435678','NV312')
Insert into TAIKHOAN
Values ('N021', '0912332100','NV313')
Insert into TAIKHOAN
Values ('N022', '09122111221','NV321')
Insert into TAIKHOAN
Values ('N023', '0319912882','NV322')
Insert into TAIKHOAN
Values ('N024', '0956562323', 'NV323')
Insert into TAIKHOAN
Values ('N025', '0924681357','NV331')
Insert into TAIKHOAN
Values ('N026', '0924681357','NV332')
Insert into TAIKHOAN
Values ('N027', '0397531246','NV333')
Insert into TAIKHOAN
Values ('T001', '0312345678','TN110')
Insert into TAIKHOAN
Values ('T002', '0312456789','TN120')
Insert into TAIKHOAN
Values ('T003', '03112212234','TN130')
Insert into TAIKHOAN
Values ('T004', '0343215678','TN210')
Insert into TAIKHOAN
Values ('T005', '0312345678','TN220')
Insert into TAIKHOAN
Values ('T006', '0378563412','TN230')
Insert into TAIKHOAN
Values ('T007','0398127634','TN310')
Insert into TAIKHOAN
Values ('T008', '0345123456','TN320')
Insert into TAIKHOAN
Values ('T009', '0313524600','TN330')
GO

-- Tạo dữ liệu bảng ĐƠN ĐẶT HÀNG
INSERT INTO DONDATHANG
VALUES('21TF101', '2022-12-5', 'KH07', 'TN120')
INSERT INTO DONDATHANG
VALUES('21TF102', '2022-12-5', 'KH08', 'TN120')
INSERT INTO DONDATHANG
VALUES('21TF103', '2022-12-5', 'KH10', 'TN220')
GO

--Tạo dữ liệu bảng TÌNH TRẠNG ĐH
INSERT INTO TTDONHANG
VALUES('2022-10-10 14:07:00', N'Giao thành công', '21TF102')
INSERT INTO TTDONHANG
VALUES('2022-10-10 15:20:00', N'Giao thành công', '21TF101')
INSERT INTO TTDONHANG
VALUES('2022-10-10 15:32:00', N'Giao thành công', '21TF103')
GO

--Tạo dữ liệu bảng PHIẾU GIAO HÀNG
INSERT INTO PHIEUGH
VALUES('GH101', '2022-10-10 13:30:00', '21TF101')
INSERT INTO PHIEUGH
VALUES('GH102', '2022-10-10 13:30:00', '21TF102')
INSERT INTO PHIEUGH
VALUES('GH103', '2022-10-10 13:30:00', '21TF103')
GO

-- Tạo dữ liệu BẢNG CHI TIẾT ĐẶT HÀNG
INSERT INTO CHITIETDH
VALUES(N'Ly', 1, 49000, '21TF101', 'TFT308')
INSERT INTO CHITIETDH
VALUES(N'Ly', 2, 98000, '21TF102', 'TFT307')
INSERT INTO CHITIETDH
VALUES(N'Ly', 2, 104000, '21TF103', 'TFT310')
GO

-- Tạo dữ liệu CHI TIẾT GIAO HÀNG
INSERT INTO CHITIETGH
VALUES(59000, 'GH101', 'TFT308')
INSERT INTO CHITIETGH
VALUES(108000, 'GH102', 'TFT307')
INSERT INTO CHITIETGH
VALUES(114000, 'GH103', 'TFT310')
GO

-- Tạo dữ liệu bảng CHI TIẾT HÓA ĐƠN
INSERT INTO CHITIETHD
VALUES(3, 103000, 'TFT301', 'S04')
INSERT INTO CHITIETHD
VALUES(2, 84000, 'TFT302', 'S06')
INSERT INTO CHITIETHD
VALUES(1, 49000, 'TFT303', 'T02')
INSERT INTO CHITIETHD
VALUES(3, 153000, 'TFT304', 'T05')
INSERT INTO CHITIETHD
VALUES(1, 49000, 'TFT305', 'V05')
INSERT INTO CHITIETHD
VALUES(1, 49000, 'TFT306', 'V09')
INSERT INTO CHITIETHD
VALUES(2, 88000, 'TFT307', 'T01')
INSERT INTO CHITIETHD
VALUES(1, 49000, 'TFT308', 'T01')
INSERT INTO CHITIETHD
VALUES(1, 35000, 'TFT309', 'V21')
INSERT INTO CHITIETHD
VALUES(2, 118000, 'TFT310', 'V01')
GO